Material,Elastizit√§tsmodul [GPa],Schubmodul [GPa],Dicke [mm],Breite [mm],Kraft [GPa],Delta b [mm]
Wolfram,405,158.0,0.2,20,1.62,0.005632911392405062
Wolfram,405,158.0,0.2,30,2.43,0.008449367088607593
Wolfram,405,158.0,0.2,40,3.24,0.011265822784810125
Wolfram,405,158.0,0.2,50,4.05,0.014082278481012655
Wolfram,405,158.0,0.2,60,4.86,0.016898734177215186
Wolfram,405,158.0,0.2,70,5.67,0.019715189873417718
Wolfram,405,158.0,0.2,80,6.48,0.02253164556962025
Wolfram,405,158.0,0.2,90,7.29,0.02534810126582278
Wolfram,405,158.0,0.2,100,8.1,0.02816455696202531
Wolfram,405,158.0,0.2,110,8.91,0.030981012658227843
Wolfram,405,158.0,0.2,120,9.72,0.03379746835443037
Wolfram,405,158.0,0.3,20,2.43,0.005632911392405062
Wolfram,405,158.0,0.3,30,3.645,0.008449367088607593
Wolfram,405,158.0,0.3,40,4.86,0.011265822784810125
Wolfram,405,158.0,0.3,50,6.075,0.014082278481012655
Wolfram,405,158.0,0.3,60,7.29,0.016898734177215186
Wolfram,405,158.0,0.3,70,8.505,0.019715189873417718
Wolfram,405,158.0,0.3,80,9.72,0.02253164556962025
Wolfram,405,158.0,0.3,90,10.935,0.02534810126582278
Wolfram,405,158.0,0.3,100,12.15,0.02816455696202531
Wolfram,405,158.0,0.3,110,13.365,0.030981012658227843
Wolfram,405,158.0,0.3,120,14.58,0.03379746835443037
Wolfram,405,158.0,0.4,20,3.24,0.005632911392405062
Wolfram,405,158.0,0.4,30,4.86,0.008449367088607593
Wolfram,405,158.0,0.4,40,6.48,0.011265822784810125
Wolfram,405,158.0,0.4,50,8.1,0.014082278481012655
Wolfram,405,158.0,0.4,60,9.72,0.016898734177215186
Wolfram,405,158.0,0.4,70,11.34,0.019715189873417718
Wolfram,405,158.0,0.4,80,12.96,0.02253164556962025
Wolfram,405,158.0,0.4,90,14.58,0.02534810126582278
Wolfram,405,158.0,0.4,100,16.2,0.02816455696202531
Wolfram,405,158.0,0.4,110,17.82,0.030981012658227843
Wolfram,405,158.0,0.4,120,19.44,0.03379746835443037
Wolfram,405,158.0,0.5,20,4.05,0.005632911392405062
Wolfram,405,158.0,0.5,30,6.075,0.008449367088607593
Wolfram,405,158.0,0.5,40,8.1,0.011265822784810125
Wolfram,405,158.0,0.5,50,10.125,0.014082278481012655
Wolfram,405,158.0,0.5,60,12.15,0.016898734177215186
Wolfram,405,158.0,0.5,70,14.175,0.019715189873417718
Wolfram,405,158.0,0.5,80,16.2,0.02253164556962025
Wolfram,405,158.0,0.5,90,18.225,0.02534810126582278
Wolfram,405,158.0,0.5,100,20.25,0.02816455696202531
Wolfram,405,158.0,0.5,110,22.275000000000002,0.030981012658227843
Wolfram,405,158.0,0.5,120,24.3,0.03379746835443037
Wolfram,405,158.0,0.6,20,4.86,0.005632911392405062
Wolfram,405,158.0,0.6,30,7.29,0.008449367088607593
Wolfram,405,158.0,0.6,40,9.72,0.011265822784810125
Wolfram,405,158.0,0.6,50,12.15,0.014082278481012655
Wolfram,405,158.0,0.6,60,14.58,0.016898734177215186
Wolfram,405,158.0,0.6,70,17.01,0.019715189873417718
Wolfram,405,158.0,0.6,80,19.44,0.02253164556962025
Wolfram,405,158.0,0.6,90,21.87,0.02534810126582278
Wolfram,405,158.0,0.6,100,24.3,0.02816455696202531
Wolfram,405,158.0,0.6,110,26.73,0.030981012658227843
Wolfram,405,158.0,0.6,120,29.16,0.03379746835443037
Wolfram,405,158.0,0.7,20,5.67,0.005632911392405062
Wolfram,405,158.0,0.7,30,8.505,0.008449367088607593
Wolfram,405,158.0,0.7,40,11.34,0.011265822784810125
Wolfram,405,158.0,0.7,50,14.175,0.014082278481012655
Wolfram,405,158.0,0.7,60,17.01,0.016898734177215186
Wolfram,405,158.0,0.7,70,19.845,0.019715189873417718
Wolfram,405,158.0,0.7,80,22.68,0.02253164556962025
Wolfram,405,158.0,0.7,90,25.514999999999997,0.02534810126582278
Wolfram,405,158.0,0.7,100,28.35,0.02816455696202531
Wolfram,405,158.0,0.7,110,31.185000000000002,0.030981012658227843
Wolfram,405,158.0,0.7,120,34.02,0.03379746835443037
Wolfram,405,158.0,0.8,20,6.48,0.005632911392405062
Wolfram,405,158.0,0.8,30,9.72,0.008449367088607593
Wolfram,405,158.0,0.8,40,12.96,0.011265822784810125
Wolfram,405,158.0,0.8,50,16.2,0.014082278481012655
Wolfram,405,158.0,0.8,60,19.44,0.016898734177215186
Wolfram,405,158.0,0.8,70,22.68,0.019715189873417718
Wolfram,405,158.0,0.8,80,25.92,0.02253164556962025
Wolfram,405,158.0,0.8,90,29.16,0.02534810126582278
Wolfram,405,158.0,0.8,100,32.4,0.02816455696202531
Wolfram,405,158.0,0.8,110,35.64,0.030981012658227843
Wolfram,405,158.0,0.8,120,38.88,0.03379746835443037
Wolfram,405,158.0,0.9,20,7.29,0.005632911392405062
Wolfram,405,158.0,0.9,30,10.935,0.008449367088607593
Wolfram,405,158.0,0.9,40,14.58,0.011265822784810125
Wolfram,405,158.0,0.9,50,18.225,0.014082278481012655
Wolfram,405,158.0,0.9,60,21.87,0.016898734177215186
Wolfram,405,158.0,0.9,70,25.515,0.019715189873417718
Wolfram,405,158.0,0.9,80,29.16,0.02253164556962025
Wolfram,405,158.0,0.9,90,32.805,0.02534810126582278
Wolfram,405,158.0,0.9,100,36.45,0.02816455696202531
Wolfram,405,158.0,0.9,110,40.095,0.030981012658227843
Wolfram,405,158.0,0.9,120,43.74,0.03379746835443037
Wolfram,405,158.0,1.0,20,8.1,0.005632911392405062
Wolfram,405,158.0,1.0,30,12.15,0.008449367088607593
Wolfram,405,158.0,1.0,40,16.2,0.011265822784810125
Wolfram,405,158.0,1.0,50,20.25,0.014082278481012655
Wolfram,405,158.0,1.0,60,24.3,0.016898734177215186
Wolfram,405,158.0,1.0,70,28.35,0.019715189873417718
Wolfram,405,158.0,1.0,80,32.4,0.02253164556962025
Wolfram,405,158.0,1.0,90,36.45,0.02534810126582278
Wolfram,405,158.0,1.0,100,40.5,0.02816455696202531
Wolfram,405,158.0,1.0,110,44.550000000000004,0.030981012658227843
Wolfram,405,158.0,1.0,120,48.6,0.03379746835443037
Wolfram,405,158.0,1.1,20,8.91,0.005632911392405062
Wolfram,405,158.0,1.1,30,13.365,0.008449367088607593
Wolfram,405,158.0,1.1,40,17.82,0.011265822784810125
Wolfram,405,158.0,1.1,50,22.275000000000006,0.014082278481012655
Wolfram,405,158.0,1.1,60,26.73,0.016898734177215186
Wolfram,405,158.0,1.1,70,31.185000000000002,0.019715189873417718
Wolfram,405,158.0,1.1,80,35.64,0.02253164556962025
Wolfram,405,158.0,1.1,90,40.095000000000006,0.02534810126582278
Wolfram,405,158.0,1.1,100,44.55000000000001,0.02816455696202531
Wolfram,405,158.0,1.1,110,49.00500000000001,0.030981012658227843
Wolfram,405,158.0,1.1,120,53.46,0.03379746835443037
Wolfram,405,158.0,1.2,20,9.72,0.005632911392405062
Wolfram,405,158.0,1.2,30,14.58,0.008449367088607593
Wolfram,405,158.0,1.2,40,19.44,0.011265822784810125
Wolfram,405,158.0,1.2,50,24.3,0.014082278481012655
Wolfram,405,158.0,1.2,60,29.16,0.016898734177215186
Wolfram,405,158.0,1.2,70,34.02,0.019715189873417718
Wolfram,405,158.0,1.2,80,38.88,0.02253164556962025
Wolfram,405,158.0,1.2,90,43.74,0.02534810126582278
Wolfram,405,158.0,1.2,100,48.6,0.02816455696202531
Wolfram,405,158.0,1.2,110,53.46,0.030981012658227843
Wolfram,405,158.0,1.2,120,58.32,0.03379746835443037
Stahl,210,83.0,0.2,20,0.84,0.005301204819277107
Stahl,210,83.0,0.2,30,1.26,0.00795180722891566
Stahl,210,83.0,0.2,40,1.68,0.010602409638554215
Stahl,210,83.0,0.2,50,2.1,0.013253012048192769
Stahl,210,83.0,0.2,60,2.52,0.01590361445783132
Stahl,210,83.0,0.2,70,2.94,0.018554216867469876
Stahl,210,83.0,0.2,80,3.36,0.02120481927710843
Stahl,210,83.0,0.2,90,3.7800000000000002,0.023855421686746984
Stahl,210,83.0,0.2,100,4.2,0.026506024096385538
Stahl,210,83.0,0.2,110,4.62,0.029156626506024092
Stahl,210,83.0,0.2,120,5.04,0.03180722891566264
Stahl,210,83.0,0.3,20,1.26,0.005301204819277107
Stahl,210,83.0,0.3,30,1.8900000000000001,0.00795180722891566
Stahl,210,83.0,0.3,40,2.52,0.010602409638554215
Stahl,210,83.0,0.3,50,3.15,0.013253012048192769
Stahl,210,83.0,0.3,60,3.7800000000000002,0.01590361445783132
Stahl,210,83.0,0.3,70,4.41,0.018554216867469876
Stahl,210,83.0,0.3,80,5.04,0.02120481927710843
Stahl,210,83.0,0.3,90,5.67,0.023855421686746984
Stahl,210,83.0,0.3,100,6.3,0.026506024096385538
Stahl,210,83.0,0.3,110,6.93,0.029156626506024092
Stahl,210,83.0,0.3,120,7.5600000000000005,0.03180722891566264
Stahl,210,83.0,0.4,20,1.68,0.005301204819277107
Stahl,210,83.0,0.4,30,2.52,0.00795180722891566
Stahl,210,83.0,0.4,40,3.36,0.010602409638554215
Stahl,210,83.0,0.4,50,4.2,0.013253012048192769
Stahl,210,83.0,0.4,60,5.04,0.01590361445783132
Stahl,210,83.0,0.4,70,5.88,0.018554216867469876
Stahl,210,83.0,0.4,80,6.72,0.02120481927710843
Stahl,210,83.0,0.4,90,7.5600000000000005,0.023855421686746984
Stahl,210,83.0,0.4,100,8.4,0.026506024096385538
Stahl,210,83.0,0.4,110,9.24,0.029156626506024092
Stahl,210,83.0,0.4,120,10.08,0.03180722891566264
Stahl,210,83.0,0.5,20,2.1,0.005301204819277107
Stahl,210,83.0,0.5,30,3.15,0.00795180722891566
Stahl,210,83.0,0.5,40,4.2,0.010602409638554215
Stahl,210,83.0,0.5,50,5.25,0.013253012048192769
Stahl,210,83.0,0.5,60,6.3,0.01590361445783132
Stahl,210,83.0,0.5,70,7.3500000000000005,0.018554216867469876
Stahl,210,83.0,0.5,80,8.4,0.02120481927710843
Stahl,210,83.0,0.5,90,9.450000000000001,0.023855421686746984
Stahl,210,83.0,0.5,100,10.5,0.026506024096385538
Stahl,210,83.0,0.5,110,11.55,0.029156626506024092
Stahl,210,83.0,0.5,120,12.6,0.03180722891566264
Stahl,210,83.0,0.6,20,2.52,0.005301204819277107
Stahl,210,83.0,0.6,30,3.7800000000000002,0.00795180722891566
Stahl,210,83.0,0.6,40,5.04,0.010602409638554215
Stahl,210,83.0,0.6,50,6.3,0.013253012048192769
Stahl,210,83.0,0.6,60,7.5600000000000005,0.01590361445783132
Stahl,210,83.0,0.6,70,8.82,0.018554216867469876
Stahl,210,83.0,0.6,80,10.08,0.02120481927710843
Stahl,210,83.0,0.6,90,11.34,0.023855421686746984
Stahl,210,83.0,0.6,100,12.6,0.026506024096385538
Stahl,210,83.0,0.6,110,13.86,0.029156626506024092
Stahl,210,83.0,0.6,120,15.120000000000001,0.03180722891566264
Stahl,210,83.0,0.7,20,2.94,0.005301204819277107
Stahl,210,83.0,0.7,30,4.41,0.00795180722891566
Stahl,210,83.0,0.7,40,5.88,0.010602409638554215
Stahl,210,83.0,0.7,50,7.3500000000000005,0.013253012048192769
Stahl,210,83.0,0.7,60,8.82,0.01590361445783132
Stahl,210,83.0,0.7,70,10.290000000000001,0.018554216867469876
Stahl,210,83.0,0.7,80,11.76,0.02120481927710843
Stahl,210,83.0,0.7,90,13.229999999999999,0.023855421686746984
Stahl,210,83.0,0.7,100,14.700000000000001,0.026506024096385538
Stahl,210,83.0,0.7,110,16.17,0.029156626506024092
Stahl,210,83.0,0.7,120,17.64,0.03180722891566264
Stahl,210,83.0,0.8,20,3.36,0.005301204819277107
Stahl,210,83.0,0.8,30,5.04,0.00795180722891566
Stahl,210,83.0,0.8,40,6.72,0.010602409638554215
Stahl,210,83.0,0.8,50,8.4,0.013253012048192769
Stahl,210,83.0,0.8,60,10.08,0.01590361445783132
Stahl,210,83.0,0.8,70,11.76,0.018554216867469876
Stahl,210,83.0,0.8,80,13.44,0.02120481927710843
Stahl,210,83.0,0.8,90,15.120000000000001,0.023855421686746984
Stahl,210,83.0,0.8,100,16.8,0.026506024096385538
Stahl,210,83.0,0.8,110,18.48,0.029156626506024092
Stahl,210,83.0,0.8,120,20.16,0.03180722891566264
Stahl,210,83.0,0.9,20,3.7800000000000002,0.005301204819277107
Stahl,210,83.0,0.9,30,5.67,0.00795180722891566
Stahl,210,83.0,0.9,40,7.5600000000000005,0.010602409638554215
Stahl,210,83.0,0.9,50,9.450000000000001,0.013253012048192769
Stahl,210,83.0,0.9,60,11.34,0.01590361445783132
Stahl,210,83.0,0.9,70,13.23,0.018554216867469876
Stahl,210,83.0,0.9,80,15.120000000000001,0.02120481927710843
Stahl,210,83.0,0.9,90,17.01,0.023855421686746984
Stahl,210,83.0,0.9,100,18.900000000000002,0.026506024096385538
Stahl,210,83.0,0.9,110,20.79,0.029156626506024092
Stahl,210,83.0,0.9,120,22.68,0.03180722891566264
Stahl,210,83.0,1.0,20,4.2,0.005301204819277107
Stahl,210,83.0,1.0,30,6.3,0.00795180722891566
Stahl,210,83.0,1.0,40,8.4,0.010602409638554215
Stahl,210,83.0,1.0,50,10.5,0.013253012048192769
Stahl,210,83.0,1.0,60,12.6,0.01590361445783132
Stahl,210,83.0,1.0,70,14.700000000000001,0.018554216867469876
Stahl,210,83.0,1.0,80,16.8,0.02120481927710843
Stahl,210,83.0,1.0,90,18.900000000000002,0.023855421686746984
Stahl,210,83.0,1.0,100,21.0,0.026506024096385538
Stahl,210,83.0,1.0,110,23.1,0.029156626506024092
Stahl,210,83.0,1.0,120,25.2,0.03180722891566264
Stahl,210,83.0,1.1,20,4.62,0.005301204819277107
Stahl,210,83.0,1.1,30,6.93,0.00795180722891566
Stahl,210,83.0,1.1,40,9.24,0.010602409638554215
Stahl,210,83.0,1.1,50,11.550000000000002,0.013253012048192769
Stahl,210,83.0,1.1,60,13.86,0.01590361445783132
Stahl,210,83.0,1.1,70,16.17,0.018554216867469876
Stahl,210,83.0,1.1,80,18.48,0.02120481927710843
Stahl,210,83.0,1.1,90,20.790000000000003,0.023855421686746984
Stahl,210,83.0,1.1,100,23.100000000000005,0.026506024096385538
Stahl,210,83.0,1.1,110,25.410000000000004,0.029156626506024092
Stahl,210,83.0,1.1,120,27.72,0.03180722891566264
Stahl,210,83.0,1.2,20,5.04,0.005301204819277107
Stahl,210,83.0,1.2,30,7.5600000000000005,0.00795180722891566
Stahl,210,83.0,1.2,40,10.08,0.010602409638554215
Stahl,210,83.0,1.2,50,12.6,0.013253012048192769
Stahl,210,83.0,1.2,60,15.120000000000001,0.01590361445783132
Stahl,210,83.0,1.2,70,17.64,0.018554216867469876
Stahl,210,83.0,1.2,80,20.16,0.02120481927710843
Stahl,210,83.0,1.2,90,22.68,0.023855421686746984
Stahl,210,83.0,1.2,100,25.2,0.026506024096385538
Stahl,210,83.0,1.2,110,27.72,0.029156626506024092
Stahl,210,83.0,1.2,120,30.240000000000002,0.03180722891566264
Titan,110,41.4,0.2,20,0.44,0.006570048309178746
Titan,110,41.4,0.2,30,0.66,0.009855072463768119
Titan,110,41.4,0.2,40,0.88,0.013140096618357492
Titan,110,41.4,0.2,50,1.1,0.016425120772946868
Titan,110,41.4,0.2,60,1.32,0.019710144927536238
Titan,110,41.4,0.2,70,1.54,0.02299516908212561
Titan,110,41.4,0.2,80,1.76,0.026280193236714985
Titan,110,41.4,0.2,90,1.98,0.029565217391304358
Titan,110,41.4,0.2,100,2.2,0.032850241545893735
Titan,110,41.4,0.2,110,2.42,0.0361352657004831
Titan,110,41.4,0.2,120,2.64,0.039420289855072475
Titan,110,41.4,0.3,20,0.66,0.006570048309178746
Titan,110,41.4,0.3,30,0.99,0.009855072463768119
Titan,110,41.4,0.3,40,1.32,0.013140096618357492
Titan,110,41.4,0.3,50,1.6500000000000001,0.016425120772946868
Titan,110,41.4,0.3,60,1.98,0.019710144927536238
Titan,110,41.4,0.3,70,2.31,0.02299516908212561
Titan,110,41.4,0.3,80,2.64,0.026280193236714985
Titan,110,41.4,0.3,90,2.97,0.029565217391304358
Titan,110,41.4,0.3,100,3.3000000000000003,0.032850241545893735
Titan,110,41.4,0.3,110,3.63,0.0361352657004831
Titan,110,41.4,0.3,120,3.96,0.039420289855072475
Titan,110,41.4,0.4,20,0.88,0.006570048309178746
Titan,110,41.4,0.4,30,1.32,0.009855072463768119
Titan,110,41.4,0.4,40,1.76,0.013140096618357492
Titan,110,41.4,0.4,50,2.2,0.016425120772946868
Titan,110,41.4,0.4,60,2.64,0.019710144927536238
Titan,110,41.4,0.4,70,3.08,0.02299516908212561
Titan,110,41.4,0.4,80,3.52,0.026280193236714985
Titan,110,41.4,0.4,90,3.96,0.029565217391304358
Titan,110,41.4,0.4,100,4.4,0.032850241545893735
Titan,110,41.4,0.4,110,4.84,0.0361352657004831
Titan,110,41.4,0.4,120,5.28,0.039420289855072475
Titan,110,41.4,0.5,20,1.1,0.006570048309178746
Titan,110,41.4,0.5,30,1.6500000000000001,0.009855072463768119
Titan,110,41.4,0.5,40,2.2,0.013140096618357492
Titan,110,41.4,0.5,50,2.75,0.016425120772946868
Titan,110,41.4,0.5,60,3.3000000000000003,0.019710144927536238
Titan,110,41.4,0.5,70,3.85,0.02299516908212561
Titan,110,41.4,0.5,80,4.4,0.026280193236714985
Titan,110,41.4,0.5,90,4.95,0.029565217391304358
Titan,110,41.4,0.5,100,5.5,0.032850241545893735
Titan,110,41.4,0.5,110,6.05,0.0361352657004831
Titan,110,41.4,0.5,120,6.6000000000000005,0.039420289855072475
Titan,110,41.4,0.6,20,1.32,0.006570048309178746
Titan,110,41.4,0.6,30,1.98,0.009855072463768119
Titan,110,41.4,0.6,40,2.64,0.013140096618357492
Titan,110,41.4,0.6,50,3.3000000000000003,0.016425120772946868
Titan,110,41.4,0.6,60,3.96,0.019710144927536238
Titan,110,41.4,0.6,70,4.62,0.02299516908212561
Titan,110,41.4,0.6,80,5.28,0.026280193236714985
Titan,110,41.4,0.6,90,5.94,0.029565217391304358
Titan,110,41.4,0.6,100,6.6000000000000005,0.032850241545893735
Titan,110,41.4,0.6,110,7.26,0.0361352657004831
Titan,110,41.4,0.6,120,7.92,0.039420289855072475
Titan,110,41.4,0.7,20,1.54,0.006570048309178746
Titan,110,41.4,0.7,30,2.31,0.009855072463768119
Titan,110,41.4,0.7,40,3.08,0.013140096618357492
Titan,110,41.4,0.7,50,3.85,0.016425120772946868
Titan,110,41.4,0.7,60,4.62,0.019710144927536238
Titan,110,41.4,0.7,70,5.39,0.02299516908212561
Titan,110,41.4,0.7,80,6.16,0.026280193236714985
Titan,110,41.4,0.7,90,6.929999999999999,0.029565217391304358
Titan,110,41.4,0.7,100,7.7,0.032850241545893735
Titan,110,41.4,0.7,110,8.47,0.0361352657004831
Titan,110,41.4,0.7,120,9.24,0.039420289855072475
Titan,110,41.4,0.8,20,1.76,0.006570048309178746
Titan,110,41.4,0.8,30,2.64,0.009855072463768119
Titan,110,41.4,0.8,40,3.52,0.013140096618357492
Titan,110,41.4,0.8,50,4.4,0.016425120772946868
Titan,110,41.4,0.8,60,5.28,0.019710144927536238
Titan,110,41.4,0.8,70,6.16,0.02299516908212561
Titan,110,41.4,0.8,80,7.04,0.026280193236714985
Titan,110,41.4,0.8,90,7.92,0.029565217391304358
Titan,110,41.4,0.8,100,8.8,0.032850241545893735
Titan,110,41.4,0.8,110,9.68,0.0361352657004831
Titan,110,41.4,0.8,120,10.56,0.039420289855072475
Titan,110,41.4,0.9,20,1.98,0.006570048309178746
Titan,110,41.4,0.9,30,2.97,0.009855072463768119
Titan,110,41.4,0.9,40,3.96,0.013140096618357492
Titan,110,41.4,0.9,50,4.95,0.016425120772946868
Titan,110,41.4,0.9,60,5.94,0.019710144927536238
Titan,110,41.4,0.9,70,6.93,0.02299516908212561
Titan,110,41.4,0.9,80,7.92,0.026280193236714985
Titan,110,41.4,0.9,90,8.91,0.029565217391304358
Titan,110,41.4,0.9,100,9.9,0.032850241545893735
Titan,110,41.4,0.9,110,10.89,0.0361352657004831
Titan,110,41.4,0.9,120,11.88,0.039420289855072475
Titan,110,41.4,1.0,20,2.2,0.006570048309178746
Titan,110,41.4,1.0,30,3.3000000000000003,0.009855072463768119
Titan,110,41.4,1.0,40,4.4,0.013140096618357492
Titan,110,41.4,1.0,50,5.5,0.016425120772946868
Titan,110,41.4,1.0,60,6.6000000000000005,0.019710144927536238
Titan,110,41.4,1.0,70,7.7,0.02299516908212561
Titan,110,41.4,1.0,80,8.8,0.026280193236714985
Titan,110,41.4,1.0,90,9.9,0.029565217391304358
Titan,110,41.4,1.0,100,11.0,0.032850241545893735
Titan,110,41.4,1.0,110,12.1,0.0361352657004831
Titan,110,41.4,1.0,120,13.200000000000001,0.039420289855072475
Titan,110,41.4,1.1,20,2.42,0.006570048309178746
Titan,110,41.4,1.1,30,3.63,0.009855072463768119
Titan,110,41.4,1.1,40,4.84,0.013140096618357492
Titan,110,41.4,1.1,50,6.050000000000001,0.016425120772946868
Titan,110,41.4,1.1,60,7.26,0.019710144927536238
Titan,110,41.4,1.1,70,8.47,0.02299516908212561
Titan,110,41.4,1.1,80,9.68,0.026280193236714985
Titan,110,41.4,1.1,90,10.890000000000002,0.029565217391304358
Titan,110,41.4,1.1,100,12.100000000000001,0.032850241545893735
Titan,110,41.4,1.1,110,13.310000000000002,0.0361352657004831
Titan,110,41.4,1.1,120,14.52,0.039420289855072475
Titan,110,41.4,1.2,20,2.64,0.006570048309178746
Titan,110,41.4,1.2,30,3.96,0.009855072463768119
Titan,110,41.4,1.2,40,5.28,0.013140096618357492
Titan,110,41.4,1.2,50,6.6000000000000005,0.016425120772946868
Titan,110,41.4,1.2,60,7.92,0.019710144927536238
Titan,110,41.4,1.2,70,9.24,0.02299516908212561
Titan,110,41.4,1.2,80,10.56,0.026280193236714985
Titan,110,41.4,1.2,90,11.88,0.029565217391304358
Titan,110,41.4,1.2,100,13.200000000000001,0.032850241545893735
Titan,110,41.4,1.2,110,14.52,0.0361352657004831
Titan,110,41.4,1.2,120,15.84,0.039420289855072475
Aluminium,70,25.5,0.2,20,0.28,0.007450980392156863
Aluminium,70,25.5,0.2,30,0.42,0.011176470588235295
Aluminium,70,25.5,0.2,40,0.56,0.014901960784313726
Aluminium,70,25.5,0.2,50,0.7000000000000001,0.018627450980392157
Aluminium,70,25.5,0.2,60,0.84,0.02235294117647059
Aluminium,70,25.5,0.2,70,0.98,0.02607843137254902
Aluminium,70,25.5,0.2,80,1.12,0.02980392156862745
Aluminium,70,25.5,0.2,90,1.26,0.033529411764705884
Aluminium,70,25.5,0.2,100,1.4000000000000001,0.03725490196078431
Aluminium,70,25.5,0.2,110,1.54,0.04098039215686274
Aluminium,70,25.5,0.2,120,1.68,0.04470588235294118
Aluminium,70,25.5,0.3,20,0.42,0.007450980392156863
Aluminium,70,25.5,0.3,30,0.63,0.011176470588235295
Aluminium,70,25.5,0.3,40,0.84,0.014901960784313726
Aluminium,70,25.5,0.3,50,1.05,0.018627450980392157
Aluminium,70,25.5,0.3,60,1.26,0.02235294117647059
Aluminium,70,25.5,0.3,70,1.47,0.02607843137254902
Aluminium,70,25.5,0.3,80,1.68,0.02980392156862745
Aluminium,70,25.5,0.3,90,1.8900000000000001,0.033529411764705884
Aluminium,70,25.5,0.3,100,2.1,0.03725490196078431
Aluminium,70,25.5,0.3,110,2.31,0.04098039215686274
Aluminium,70,25.5,0.3,120,2.52,0.04470588235294118
Aluminium,70,25.5,0.4,20,0.56,0.007450980392156863
Aluminium,70,25.5,0.4,30,0.84,0.011176470588235295
Aluminium,70,25.5,0.4,40,1.12,0.014901960784313726
Aluminium,70,25.5,0.4,50,1.4000000000000001,0.018627450980392157
Aluminium,70,25.5,0.4,60,1.68,0.02235294117647059
Aluminium,70,25.5,0.4,70,1.96,0.02607843137254902
Aluminium,70,25.5,0.4,80,2.24,0.02980392156862745
Aluminium,70,25.5,0.4,90,2.52,0.033529411764705884
Aluminium,70,25.5,0.4,100,2.8000000000000003,0.03725490196078431
Aluminium,70,25.5,0.4,110,3.08,0.04098039215686274
Aluminium,70,25.5,0.4,120,3.36,0.04470588235294118
Aluminium,70,25.5,0.5,20,0.7000000000000001,0.007450980392156863
Aluminium,70,25.5,0.5,30,1.05,0.011176470588235295
Aluminium,70,25.5,0.5,40,1.4000000000000001,0.014901960784313726
Aluminium,70,25.5,0.5,50,1.75,0.018627450980392157
Aluminium,70,25.5,0.5,60,2.1,0.02235294117647059
Aluminium,70,25.5,0.5,70,2.45,0.02607843137254902
Aluminium,70,25.5,0.5,80,2.8000000000000003,0.02980392156862745
Aluminium,70,25.5,0.5,90,3.15,0.033529411764705884
Aluminium,70,25.5,0.5,100,3.5,0.03725490196078431
Aluminium,70,25.5,0.5,110,3.85,0.04098039215686274
Aluminium,70,25.5,0.5,120,4.2,0.04470588235294118
Aluminium,70,25.5,0.6,20,0.84,0.007450980392156863
Aluminium,70,25.5,0.6,30,1.26,0.011176470588235295
Aluminium,70,25.5,0.6,40,1.68,0.014901960784313726
Aluminium,70,25.5,0.6,50,2.1,0.018627450980392157
Aluminium,70,25.5,0.6,60,2.52,0.02235294117647059
Aluminium,70,25.5,0.6,70,2.94,0.02607843137254902
Aluminium,70,25.5,0.6,80,3.36,0.02980392156862745
Aluminium,70,25.5,0.6,90,3.7800000000000002,0.033529411764705884
Aluminium,70,25.5,0.6,100,4.2,0.03725490196078431
Aluminium,70,25.5,0.6,110,4.62,0.04098039215686274
Aluminium,70,25.5,0.6,120,5.04,0.04470588235294118
Aluminium,70,25.5,0.7,20,0.98,0.007450980392156863
Aluminium,70,25.5,0.7,30,1.47,0.011176470588235295
Aluminium,70,25.5,0.7,40,1.96,0.014901960784313726
Aluminium,70,25.5,0.7,50,2.45,0.018627450980392157
Aluminium,70,25.5,0.7,60,2.94,0.02235294117647059
Aluminium,70,25.5,0.7,70,3.43,0.02607843137254902
Aluminium,70,25.5,0.7,80,3.92,0.02980392156862745
Aluminium,70,25.5,0.7,90,4.409999999999999,0.033529411764705884
Aluminium,70,25.5,0.7,100,4.9,0.03725490196078431
Aluminium,70,25.5,0.7,110,5.39,0.04098039215686274
Aluminium,70,25.5,0.7,120,5.88,0.04470588235294118
Aluminium,70,25.5,0.8,20,1.12,0.007450980392156863
Aluminium,70,25.5,0.8,30,1.68,0.011176470588235295
Aluminium,70,25.5,0.8,40,2.24,0.014901960784313726
Aluminium,70,25.5,0.8,50,2.8000000000000003,0.018627450980392157
Aluminium,70,25.5,0.8,60,3.36,0.02235294117647059
Aluminium,70,25.5,0.8,70,3.92,0.02607843137254902
Aluminium,70,25.5,0.8,80,4.48,0.02980392156862745
Aluminium,70,25.5,0.8,90,5.04,0.033529411764705884
Aluminium,70,25.5,0.8,100,5.6000000000000005,0.03725490196078431
Aluminium,70,25.5,0.8,110,6.16,0.04098039215686274
Aluminium,70,25.5,0.8,120,6.72,0.04470588235294118
Aluminium,70,25.5,0.9,20,1.26,0.007450980392156863
Aluminium,70,25.5,0.9,30,1.8900000000000001,0.011176470588235295
Aluminium,70,25.5,0.9,40,2.52,0.014901960784313726
Aluminium,70,25.5,0.9,50,3.15,0.018627450980392157
Aluminium,70,25.5,0.9,60,3.7800000000000002,0.02235294117647059
Aluminium,70,25.5,0.9,70,4.41,0.02607843137254902
Aluminium,70,25.5,0.9,80,5.04,0.02980392156862745
Aluminium,70,25.5,0.9,90,5.67,0.033529411764705884
Aluminium,70,25.5,0.9,100,6.3,0.03725490196078431
Aluminium,70,25.5,0.9,110,6.93,0.04098039215686274
Aluminium,70,25.5,0.9,120,7.5600000000000005,0.04470588235294118
Aluminium,70,25.5,1.0,20,1.4000000000000001,0.007450980392156863
Aluminium,70,25.5,1.0,30,2.1,0.011176470588235295
Aluminium,70,25.5,1.0,40,2.8000000000000003,0.014901960784313726
Aluminium,70,25.5,1.0,50,3.5,0.018627450980392157
Aluminium,70,25.5,1.0,60,4.2,0.02235294117647059
Aluminium,70,25.5,1.0,70,4.9,0.02607843137254902
Aluminium,70,25.5,1.0,80,5.6000000000000005,0.02980392156862745
Aluminium,70,25.5,1.0,90,6.3,0.033529411764705884
Aluminium,70,25.5,1.0,100,7.0,0.03725490196078431
Aluminium,70,25.5,1.0,110,7.7,0.04098039215686274
Aluminium,70,25.5,1.0,120,8.4,0.04470588235294118
Aluminium,70,25.5,1.1,20,1.54,0.007450980392156863
Aluminium,70,25.5,1.1,30,2.31,0.011176470588235295
Aluminium,70,25.5,1.1,40,3.08,0.014901960784313726
Aluminium,70,25.5,1.1,50,3.8500000000000005,0.018627450980392157
Aluminium,70,25.5,1.1,60,4.62,0.02235294117647059
Aluminium,70,25.5,1.1,70,5.39,0.02607843137254902
Aluminium,70,25.5,1.1,80,6.16,0.02980392156862745
Aluminium,70,25.5,1.1,90,6.9300000000000015,0.033529411764705884
Aluminium,70,25.5,1.1,100,7.700000000000001,0.03725490196078431
Aluminium,70,25.5,1.1,110,8.470000000000002,0.04098039215686274
Aluminium,70,25.5,1.1,120,9.24,0.04470588235294118
Aluminium,70,25.5,1.2,20,1.68,0.007450980392156863
Aluminium,70,25.5,1.2,30,2.52,0.011176470588235295
Aluminium,70,25.5,1.2,40,3.36,0.014901960784313726
Aluminium,70,25.5,1.2,50,4.2,0.018627450980392157
Aluminium,70,25.5,1.2,60,5.04,0.02235294117647059
Aluminium,70,25.5,1.2,70,5.88,0.02607843137254902
Aluminium,70,25.5,1.2,80,6.72,0.02980392156862745
Aluminium,70,25.5,1.2,90,7.5600000000000005,0.033529411764705884
Aluminium,70,25.5,1.2,100,8.4,0.03725490196078431
Aluminium,70,25.5,1.2,110,9.24,0.04098039215686274
Aluminium,70,25.5,1.2,120,10.08,0.04470588235294118
Blei,19,6.0,0.2,20,0.076,0.011666666666666665
Blei,19,6.0,0.2,30,0.114,0.017499999999999998
Blei,19,6.0,0.2,40,0.152,0.02333333333333333
Blei,19,6.0,0.2,50,0.19,0.029166666666666664
Blei,19,6.0,0.2,60,0.228,0.034999999999999996
Blei,19,6.0,0.2,70,0.266,0.04083333333333333
Blei,19,6.0,0.2,80,0.304,0.04666666666666666
Blei,19,6.0,0.2,90,0.342,0.05249999999999999
Blei,19,6.0,0.2,100,0.38,0.05833333333333333
Blei,19,6.0,0.2,110,0.418,0.06416666666666666
Blei,19,6.0,0.2,120,0.456,0.06999999999999999
Blei,19,6.0,0.3,20,0.114,0.011666666666666665
Blei,19,6.0,0.3,30,0.171,0.017499999999999998
Blei,19,6.0,0.3,40,0.228,0.02333333333333333
Blei,19,6.0,0.3,50,0.28500000000000003,0.029166666666666664
Blei,19,6.0,0.3,60,0.342,0.034999999999999996
Blei,19,6.0,0.3,70,0.399,0.04083333333333333
Blei,19,6.0,0.3,80,0.456,0.04666666666666666
Blei,19,6.0,0.3,90,0.513,0.05249999999999999
Blei,19,6.0,0.3,100,0.5700000000000001,0.05833333333333333
Blei,19,6.0,0.3,110,0.627,0.06416666666666666
Blei,19,6.0,0.3,120,0.684,0.06999999999999999
Blei,19,6.0,0.4,20,0.152,0.011666666666666665
Blei,19,6.0,0.4,30,0.228,0.017499999999999998
Blei,19,6.0,0.4,40,0.304,0.02333333333333333
Blei,19,6.0,0.4,50,0.38,0.029166666666666664
Blei,19,6.0,0.4,60,0.456,0.034999999999999996
Blei,19,6.0,0.4,70,0.532,0.04083333333333333
Blei,19,6.0,0.4,80,0.608,0.04666666666666666
Blei,19,6.0,0.4,90,0.684,0.05249999999999999
Blei,19,6.0,0.4,100,0.76,0.05833333333333333
Blei,19,6.0,0.4,110,0.836,0.06416666666666666
Blei,19,6.0,0.4,120,0.912,0.06999999999999999
Blei,19,6.0,0.5,20,0.19,0.011666666666666665
Blei,19,6.0,0.5,30,0.28500000000000003,0.017499999999999998
Blei,19,6.0,0.5,40,0.38,0.02333333333333333
Blei,19,6.0,0.5,50,0.47500000000000003,0.029166666666666664
Blei,19,6.0,0.5,60,0.5700000000000001,0.034999999999999996
Blei,19,6.0,0.5,70,0.665,0.04083333333333333
Blei,19,6.0,0.5,80,0.76,0.04666666666666666
Blei,19,6.0,0.5,90,0.855,0.05249999999999999
Blei,19,6.0,0.5,100,0.9500000000000001,0.05833333333333333
Blei,19,6.0,0.5,110,1.045,0.06416666666666666
Blei,19,6.0,0.5,120,1.1400000000000001,0.06999999999999999
Blei,19,6.0,0.6,20,0.228,0.011666666666666665
Blei,19,6.0,0.6,30,0.342,0.017499999999999998
Blei,19,6.0,0.6,40,0.456,0.02333333333333333
Blei,19,6.0,0.6,50,0.5700000000000001,0.029166666666666664
Blei,19,6.0,0.6,60,0.684,0.034999999999999996
Blei,19,6.0,0.6,70,0.798,0.04083333333333333
Blei,19,6.0,0.6,80,0.912,0.04666666666666666
Blei,19,6.0,0.6,90,1.026,0.05249999999999999
Blei,19,6.0,0.6,100,1.1400000000000001,0.05833333333333333
Blei,19,6.0,0.6,110,1.254,0.06416666666666666
Blei,19,6.0,0.6,120,1.368,0.06999999999999999
Blei,19,6.0,0.7,20,0.266,0.011666666666666665
Blei,19,6.0,0.7,30,0.399,0.017499999999999998
Blei,19,6.0,0.7,40,0.532,0.02333333333333333
Blei,19,6.0,0.7,50,0.665,0.029166666666666664
Blei,19,6.0,0.7,60,0.798,0.034999999999999996
Blei,19,6.0,0.7,70,0.931,0.04083333333333333
Blei,19,6.0,0.7,80,1.064,0.04666666666666666
Blei,19,6.0,0.7,90,1.1969999999999998,0.05249999999999999
Blei,19,6.0,0.7,100,1.33,0.05833333333333333
Blei,19,6.0,0.7,110,1.463,0.06416666666666666
Blei,19,6.0,0.7,120,1.596,0.06999999999999999
Blei,19,6.0,0.8,20,0.304,0.011666666666666665
Blei,19,6.0,0.8,30,0.456,0.017499999999999998
Blei,19,6.0,0.8,40,0.608,0.02333333333333333
Blei,19,6.0,0.8,50,0.76,0.029166666666666664
Blei,19,6.0,0.8,60,0.912,0.034999999999999996
Blei,19,6.0,0.8,70,1.064,0.04083333333333333
Blei,19,6.0,0.8,80,1.216,0.04666666666666666
Blei,19,6.0,0.8,90,1.368,0.05249999999999999
Blei,19,6.0,0.8,100,1.52,0.05833333333333333
Blei,19,6.0,0.8,110,1.672,0.06416666666666666
Blei,19,6.0,0.8,120,1.824,0.06999999999999999
Blei,19,6.0,0.9,20,0.342,0.011666666666666665
Blei,19,6.0,0.9,30,0.513,0.017499999999999998
Blei,19,6.0,0.9,40,0.684,0.02333333333333333
Blei,19,6.0,0.9,50,0.855,0.029166666666666664
Blei,19,6.0,0.9,60,1.026,0.034999999999999996
Blei,19,6.0,0.9,70,1.197,0.04083333333333333
Blei,19,6.0,0.9,80,1.368,0.04666666666666666
Blei,19,6.0,0.9,90,1.539,0.05249999999999999
Blei,19,6.0,0.9,100,1.71,0.05833333333333333
Blei,19,6.0,0.9,110,1.881,0.06416666666666666
Blei,19,6.0,0.9,120,2.052,0.06999999999999999
Blei,19,6.0,1.0,20,0.38,0.011666666666666665
Blei,19,6.0,1.0,30,0.5700000000000001,0.017499999999999998
Blei,19,6.0,1.0,40,0.76,0.02333333333333333
Blei,19,6.0,1.0,50,0.9500000000000001,0.029166666666666664
Blei,19,6.0,1.0,60,1.1400000000000001,0.034999999999999996
Blei,19,6.0,1.0,70,1.33,0.04083333333333333
Blei,19,6.0,1.0,80,1.52,0.04666666666666666
Blei,19,6.0,1.0,90,1.71,0.05249999999999999
Blei,19,6.0,1.0,100,1.9000000000000001,0.05833333333333333
Blei,19,6.0,1.0,110,2.09,0.06416666666666666
Blei,19,6.0,1.0,120,2.2800000000000002,0.06999999999999999
Blei,19,6.0,1.1,20,0.418,0.011666666666666665
Blei,19,6.0,1.1,30,0.627,0.017499999999999998
Blei,19,6.0,1.1,40,0.836,0.02333333333333333
Blei,19,6.0,1.1,50,1.0450000000000002,0.029166666666666664
Blei,19,6.0,1.1,60,1.254,0.034999999999999996
Blei,19,6.0,1.1,70,1.463,0.04083333333333333
Blei,19,6.0,1.1,80,1.672,0.04666666666666666
Blei,19,6.0,1.1,90,1.8810000000000002,0.05249999999999999
Blei,19,6.0,1.1,100,2.0900000000000003,0.05833333333333333
Blei,19,6.0,1.1,110,2.2990000000000004,0.06416666666666666
Blei,19,6.0,1.1,120,2.508,0.06999999999999999
Blei,19,6.0,1.2,20,0.456,0.011666666666666665
Blei,19,6.0,1.2,30,0.684,0.017499999999999998
Blei,19,6.0,1.2,40,0.912,0.02333333333333333
Blei,19,6.0,1.2,50,1.1400000000000001,0.029166666666666664
Blei,19,6.0,1.2,60,1.368,0.034999999999999996
Blei,19,6.0,1.2,70,1.596,0.04083333333333333
Blei,19,6.0,1.2,80,1.824,0.04666666666666666
Blei,19,6.0,1.2,90,2.052,0.05249999999999999
Blei,19,6.0,1.2,100,2.2800000000000002,0.05833333333333333
Blei,19,6.0,1.2,110,2.508,0.06416666666666666
Blei,19,6.0,1.2,120,2.736,0.06999999999999999
Gummi,5,0.0003,0.2,20,0.02,166.6466666666667
Gummi,5,0.0003,0.2,30,0.03,249.97000000000003
Gummi,5,0.0003,0.2,40,0.04,333.2933333333334
Gummi,5,0.0003,0.2,50,0.05,416.61666666666673
Gummi,5,0.0003,0.2,60,0.06,499.94000000000005
Gummi,5,0.0003,0.2,70,0.07,583.2633333333334
Gummi,5,0.0003,0.2,80,0.08,666.5866666666668
Gummi,5,0.0003,0.2,90,0.09,749.9100000000001
Gummi,5,0.0003,0.2,100,0.1,833.2333333333335
Gummi,5,0.0003,0.2,110,0.11,916.5566666666668
Gummi,5,0.0003,0.2,120,0.12,999.8800000000001
Gummi,5,0.0003,0.3,20,0.03,166.6466666666667
Gummi,5,0.0003,0.3,30,0.045,249.97000000000003
Gummi,5,0.0003,0.3,40,0.06,333.2933333333334
Gummi,5,0.0003,0.3,50,0.075,416.61666666666673
Gummi,5,0.0003,0.3,60,0.09,499.94000000000005
Gummi,5,0.0003,0.3,70,0.105,583.2633333333334
Gummi,5,0.0003,0.3,80,0.12,666.5866666666668
Gummi,5,0.0003,0.3,90,0.135,749.9100000000001
Gummi,5,0.0003,0.3,100,0.15,833.2333333333335
Gummi,5,0.0003,0.3,110,0.165,916.5566666666668
Gummi,5,0.0003,0.3,120,0.18,999.8800000000001
Gummi,5,0.0003,0.4,20,0.04,166.6466666666667
Gummi,5,0.0003,0.4,30,0.06,249.97000000000003
Gummi,5,0.0003,0.4,40,0.08,333.2933333333334
Gummi,5,0.0003,0.4,50,0.1,416.61666666666673
Gummi,5,0.0003,0.4,60,0.12,499.94000000000005
Gummi,5,0.0003,0.4,70,0.14,583.2633333333334
Gummi,5,0.0003,0.4,80,0.16,666.5866666666668
Gummi,5,0.0003,0.4,90,0.18,749.9100000000001
Gummi,5,0.0003,0.4,100,0.2,833.2333333333335
Gummi,5,0.0003,0.4,110,0.22,916.5566666666668
Gummi,5,0.0003,0.4,120,0.24,999.8800000000001
Gummi,5,0.0003,0.5,20,0.05,166.6466666666667
Gummi,5,0.0003,0.5,30,0.075,249.97000000000003
Gummi,5,0.0003,0.5,40,0.1,333.2933333333334
Gummi,5,0.0003,0.5,50,0.125,416.61666666666673
Gummi,5,0.0003,0.5,60,0.15,499.94000000000005
Gummi,5,0.0003,0.5,70,0.17500000000000002,583.2633333333334
Gummi,5,0.0003,0.5,80,0.2,666.5866666666668
Gummi,5,0.0003,0.5,90,0.225,749.9100000000001
Gummi,5,0.0003,0.5,100,0.25,833.2333333333335
Gummi,5,0.0003,0.5,110,0.275,916.5566666666668
Gummi,5,0.0003,0.5,120,0.3,999.8800000000001
Gummi,5,0.0003,0.6,20,0.06,166.6466666666667
Gummi,5,0.0003,0.6,30,0.09,249.97000000000003
Gummi,5,0.0003,0.6,40,0.12,333.2933333333334
Gummi,5,0.0003,0.6,50,0.15,416.61666666666673
Gummi,5,0.0003,0.6,60,0.18,499.94000000000005
Gummi,5,0.0003,0.6,70,0.21,583.2633333333334
Gummi,5,0.0003,0.6,80,0.24,666.5866666666668
Gummi,5,0.0003,0.6,90,0.27,749.9100000000001
Gummi,5,0.0003,0.6,100,0.3,833.2333333333335
Gummi,5,0.0003,0.6,110,0.33,916.5566666666668
Gummi,5,0.0003,0.6,120,0.36,999.8800000000001
Gummi,5,0.0003,0.7,20,0.07,166.6466666666667
Gummi,5,0.0003,0.7,30,0.105,249.97000000000003
Gummi,5,0.0003,0.7,40,0.14,333.2933333333334
Gummi,5,0.0003,0.7,50,0.17500000000000002,416.61666666666673
Gummi,5,0.0003,0.7,60,0.21,499.94000000000005
Gummi,5,0.0003,0.7,70,0.245,583.2633333333334
Gummi,5,0.0003,0.7,80,0.28,666.5866666666668
Gummi,5,0.0003,0.7,90,0.31499999999999995,749.9100000000001
Gummi,5,0.0003,0.7,100,0.35000000000000003,833.2333333333335
Gummi,5,0.0003,0.7,110,0.385,916.5566666666668
Gummi,5,0.0003,0.7,120,0.42,999.8800000000001
Gummi,5,0.0003,0.8,20,0.08,166.6466666666667
Gummi,5,0.0003,0.8,30,0.12,249.97000000000003
Gummi,5,0.0003,0.8,40,0.16,333.2933333333334
Gummi,5,0.0003,0.8,50,0.2,416.61666666666673
Gummi,5,0.0003,0.8,60,0.24,499.94000000000005
Gummi,5,0.0003,0.8,70,0.28,583.2633333333334
Gummi,5,0.0003,0.8,80,0.32,666.5866666666668
Gummi,5,0.0003,0.8,90,0.36,749.9100000000001
Gummi,5,0.0003,0.8,100,0.4,833.2333333333335
Gummi,5,0.0003,0.8,110,0.44,916.5566666666668
Gummi,5,0.0003,0.8,120,0.48,999.8800000000001
Gummi,5,0.0003,0.9,20,0.09,166.6466666666667
Gummi,5,0.0003,0.9,30,0.135,249.97000000000003
Gummi,5,0.0003,0.9,40,0.18,333.2933333333334
Gummi,5,0.0003,0.9,50,0.225,416.61666666666673
Gummi,5,0.0003,0.9,60,0.27,499.94000000000005
Gummi,5,0.0003,0.9,70,0.315,583.2633333333334
Gummi,5,0.0003,0.9,80,0.36,666.5866666666668
Gummi,5,0.0003,0.9,90,0.405,749.9100000000001
Gummi,5,0.0003,0.9,100,0.45,833.2333333333335
Gummi,5,0.0003,0.9,110,0.495,916.5566666666668
Gummi,5,0.0003,0.9,120,0.54,999.8800000000001
Gummi,5,0.0003,1.0,20,0.1,166.6466666666667
Gummi,5,0.0003,1.0,30,0.15,249.97000000000003
Gummi,5,0.0003,1.0,40,0.2,333.2933333333334
Gummi,5,0.0003,1.0,50,0.25,416.61666666666673
Gummi,5,0.0003,1.0,60,0.3,499.94000000000005
Gummi,5,0.0003,1.0,70,0.35000000000000003,583.2633333333334
Gummi,5,0.0003,1.0,80,0.4,666.5866666666668
Gummi,5,0.0003,1.0,90,0.45,749.9100000000001
Gummi,5,0.0003,1.0,100,0.5,833.2333333333335
Gummi,5,0.0003,1.0,110,0.55,916.5566666666668
Gummi,5,0.0003,1.0,120,0.6,999.8800000000001
Gummi,5,0.0003,1.1,20,0.11,166.6466666666667
Gummi,5,0.0003,1.1,30,0.165,249.97000000000003
Gummi,5,0.0003,1.1,40,0.22,333.2933333333334
Gummi,5,0.0003,1.1,50,0.2750000000000001,416.61666666666673
Gummi,5,0.0003,1.1,60,0.33,499.94000000000005
Gummi,5,0.0003,1.1,70,0.385,583.2633333333334
Gummi,5,0.0003,1.1,80,0.44,666.5866666666668
Gummi,5,0.0003,1.1,90,0.49500000000000005,749.9100000000001
Gummi,5,0.0003,1.1,100,0.5500000000000002,833.2333333333335
Gummi,5,0.0003,1.1,110,0.6050000000000001,916.5566666666668
Gummi,5,0.0003,1.1,120,0.66,999.8800000000001
Gummi,5,0.0003,1.2,20,0.12,166.6466666666667
Gummi,5,0.0003,1.2,30,0.18,249.97000000000003
Gummi,5,0.0003,1.2,40,0.24,333.2933333333334
Gummi,5,0.0003,1.2,50,0.3,416.61666666666673
Gummi,5,0.0003,1.2,60,0.36,499.94000000000005
Gummi,5,0.0003,1.2,70,0.42,583.2633333333334
Gummi,5,0.0003,1.2,80,0.48,666.5866666666668
Gummi,5,0.0003,1.2,90,0.54,749.9100000000001
Gummi,5,0.0003,1.2,100,0.6,833.2333333333335
Gummi,5,0.0003,1.2,110,0.66,916.5566666666668
Gummi,5,0.0003,1.2,120,0.72,999.8800000000001
